{"initial_reset_timestamp": 1526054710.4936166, "timestamps": [1526054715.4051592, 1526054722.2103088, 1526054722.2879846, 1526054722.3037567, 1526054722.318552, 1526054722.333131, 1526054722.3478441, 1526054722.362525, 1526054729.1004028, 1526054729.1839545, 1526054729.1995156, 1526054729.214417, 1526054729.2291615, 1526054729.2439616, 1526054729.2588727, 1526054729.2737443, 1526054729.288501, 1526054729.3031938, 1526054729.3119235, 1526054729.3266118, 1526054729.3366055, 1526054729.3504548, 1526054729.3651373, 1526054729.3798676, 1526054729.3946009, 1526054729.4092925, 1526054729.4240131, 1526054736.1570737, 1526054736.2448673, 1526054736.260967, 1526054736.2758512, 1526054736.2904887, 1526054736.305101, 1526054736.3198338, 1526054736.3344107, 1526054736.3490317, 1526054736.3636985, 1526054736.3783827, 1526054736.393058, 1526054736.4077122, 1526054736.4224577, 1526054736.437154, 1526054736.45184, 1526054736.4593608, 1526054736.4739318, 1526054736.488579, 1526054736.5032146, 1526054736.5177388, 1526054736.5323231, 1526054736.5471177, 1526054736.5622067, 1526054736.576974, 1526054736.5915785, 1526054736.606247, 1526054736.6209047, 1526054736.6356072, 1526054736.650162, 1526054736.6647818, 1526054736.6794848, 1526054736.6890292, 1526054736.7036633, 1526054736.7182536, 1526054736.7328026, 1526054736.747413, 1526054743.4814675, 1526054743.5643945, 1526054743.579168, 1526054743.5937836, 1526054743.6084347, 1526054743.6230977, 1526054743.637698, 1526054743.6522534, 1526054743.6667402, 1526054743.6813247, 1526054743.6959023, 1526054743.710526, 1526054743.7230449, 1526054743.7376223, 1526054743.7522092, 1526054743.7667546, 1526054743.7813418, 1526054743.7959454, 1526054743.8105478, 1526054743.8251305, 1526054743.8397374, 1526054743.8499267, 1526054743.8671336, 1526054743.881894, 1526054743.891176, 1526054743.9057322, 1526054743.9202924, 1526054743.934807, 1526054743.949367, 1526054743.9639776, 1526054743.978508, 1526054743.9930851, 1526054744.0078378, 1526054744.022379, 1526054744.032406, 1526054744.0471895], "episode_lengths": [143, 200, 115, 200, 200, 200, 200, 200, 200, 156, 200, 200, 200, 200, 200, 200, 200, 200, 118, 200, 135, 189, 200, 200, 200, 200, 200, 200, 200, 200, 200, 200, 200, 200, 200, 200, 200, 200, 200, 200, 200, 200, 200, 103, 200, 200, 200, 200, 200, 200, 200, 200, 200, 200, 200, 200, 200, 200, 200, 129, 200, 200, 200, 200, 200, 200, 200, 200, 200, 200, 200, 200, 200, 200, 200, 200, 171, 200, 200, 200, 200, 200, 200, 200, 200, 131, 200, 200, 127, 200, 200, 200, 200, 200, 200, 200, 200, 200, 138, 200], "episode_rewards": [143.0, 200.0, 115.0, 200.0, 200.0, 200.0, 200.0, 200.0, 200.0, 156.0, 200.0, 200.0, 200.0, 200.0, 200.0, 200.0, 200.0, 200.0, 118.0, 200.0, 135.0, 189.0, 200.0, 200.0, 200.0, 200.0, 200.0, 200.0, 200.0, 200.0, 200.0, 200.0, 200.0, 200.0, 200.0, 200.0, 200.0, 200.0, 200.0, 200.0, 200.0, 200.0, 200.0, 103.0, 200.0, 200.0, 200.0, 200.0, 200.0, 200.0, 200.0, 200.0, 200.0, 200.0, 200.0, 200.0, 200.0, 200.0, 200.0, 129.0, 200.0, 200.0, 200.0, 200.0, 200.0, 200.0, 200.0, 200.0, 200.0, 200.0, 200.0, 200.0, 200.0, 200.0, 200.0, 200.0, 171.0, 200.0, 200.0, 200.0, 200.0, 200.0, 200.0, 200.0, 200.0, 131.0, 200.0, 200.0, 127.0, 200.0, 200.0, 200.0, 200.0, 200.0, 200.0, 200.0, 200.0, 200.0, 138.0, 200.0], "episode_types": ["t", "t", "t", "t", "t", "t", "t", "t", "t", "t", "t", "t", "t", "t", "t", "t", "t", "t", "t", "t", "t", "t", "t", "t", "t", "t", "t", "t", "t", "t", "t", "t", "t", "t", "t", "t", "t", "t", "t", "t", "t", "t", "t", "t", "t", "t", "t", "t", "t", "t", "t", "t", "t", "t", "t", "t", "t", "t", "t", "t", "t", "t", "t", "t", "t", "t", "t", "t", "t", "t", "t", "t", "t", "t", "t", "t", "t", "t", "t", "t", "t", "t", "t", "t", "t", "t", "t", "t", "t", "t", "t", "t", "t", "t", "t", "t", "t", "t", "t", "t"]}