{"initial_reset_timestamp": 1527083099.8191414, "episode_lengths": [200, 200, 200, 200, 200, 200, 200, 200, 200, 200, 200, 200, 200, 200, 200, 200, 200, 200, 200, 200, 200, 200, 200, 200, 200, 200, 200, 200, 200, 200, 200, 200, 200, 200, 200, 200, 200, 200, 200, 200, 200, 200, 200, 200, 200, 200, 200, 200, 200, 200, 200, 200, 200, 200, 200, 200, 200, 200, 200, 200, 200, 200, 200, 200, 200, 200, 200, 200, 200, 200, 200, 200, 200, 200, 200, 200, 200, 200, 200, 200, 200, 200, 200, 200, 200, 200, 200, 200, 200, 200, 200, 200, 200, 200, 200, 200, 200, 200, 200, 200], "episode_rewards": [200.0, 200.0, 200.0, 200.0, 200.0, 200.0, 200.0, 200.0, 200.0, 200.0, 200.0, 200.0, 200.0, 200.0, 200.0, 200.0, 200.0, 200.0, 200.0, 200.0, 200.0, 200.0, 200.0, 200.0, 200.0, 200.0, 200.0, 200.0, 200.0, 200.0, 200.0, 200.0, 200.0, 200.0, 200.0, 200.0, 200.0, 200.0, 200.0, 200.0, 200.0, 200.0, 200.0, 200.0, 200.0, 200.0, 200.0, 200.0, 200.0, 200.0, 200.0, 200.0, 200.0, 200.0, 200.0, 200.0, 200.0, 200.0, 200.0, 200.0, 200.0, 200.0, 200.0, 200.0, 200.0, 200.0, 200.0, 200.0, 200.0, 200.0, 200.0, 200.0, 200.0, 200.0, 200.0, 200.0, 200.0, 200.0, 200.0, 200.0, 200.0, 200.0, 200.0, 200.0, 200.0, 200.0, 200.0, 200.0, 200.0, 200.0, 200.0, 200.0, 200.0, 200.0, 200.0, 200.0, 200.0, 200.0, 200.0, 200.0], "timestamps": [1527083105.0222363, 1527083110.6804454, 1527083111.1952312, 1527083111.543238, 1527083112.000653, 1527083112.3591251, 1527083112.8170192, 1527083113.1460927, 1527083118.5987818, 1527083119.4002342, 1527083119.6577075, 1527083119.9877205, 1527083120.32104, 1527083120.6566591, 1527083121.132111, 1527083121.5120227, 1527083121.8351853, 1527083122.0642285, 1527083122.3875432, 1527083122.7192552, 1527083123.0630906, 1527083123.4753463, 1527083123.8036573, 1527083124.1215494, 1527083124.355223, 1527083124.7580914, 1527083125.0921776, 1527083130.287031, 1527083130.7575138, 1527083131.0537705, 1527083131.4294643, 1527083131.7194607, 1527083132.2459798, 1527083132.5427916, 1527083132.8681974, 1527083133.160102, 1527083133.5066583, 1527083133.824322, 1527083134.028061, 1527083134.5222185, 1527083134.8665764, 1527083135.1754634, 1527083135.4301956, 1527083135.733763, 1527083135.9680502, 1527083136.2148857, 1527083136.7243679, 1527083136.9986722, 1527083137.3129227, 1527083137.537151, 1527083137.8158202, 1527083138.059827, 1527083138.3947906, 1527083138.852238, 1527083139.071018, 1527083139.3832073, 1527083139.6891901, 1527083139.9595861, 1527083140.2505727, 1527083140.5492258, 1527083141.0435078, 1527083141.3612888, 1527083141.6839952, 1527083142.0487645, 1527083146.851067, 1527083147.5347397, 1527083147.840473, 1527083148.1705887, 1527083148.5461662, 1527083148.8897896, 1527083149.1611915, 1527083149.5700448, 1527083149.9721851, 1527083150.30097, 1527083150.6171882, 1527083150.8933456, 1527083151.183845, 1527083151.7115781, 1527083152.098604, 1527083152.3274407, 1527083152.6826935, 1527083153.0041313, 1527083153.3984642, 1527083153.9574163, 1527083154.2952428, 1527083154.6026773, 1527083154.9074042, 1527083155.240536, 1527083155.4356694, 1527083155.783006, 1527083156.3244932, 1527083156.6540833, 1527083156.9669142, 1527083157.2965713, 1527083157.5738776, 1527083157.8563719, 1527083158.34467, 1527083158.6562467, 1527083158.9775128, 1527083159.3267584], "episode_types": ["t", "t", "t", "t", "t", "t", "t", "t", "t", "t", "t", "t", "t", "t", "t", "t", "t", "t", "t", "t", "t", "t", "t", "t", "t", "t", "t", "t", "t", "t", "t", "t", "t", "t", "t", "t", "t", "t", "t", "t", "t", "t", "t", "t", "t", "t", "t", "t", "t", "t", "t", "t", "t", "t", "t", "t", "t", "t", "t", "t", "t", "t", "t", "t", "t", "t", "t", "t", "t", "t", "t", "t", "t", "t", "t", "t", "t", "t", "t", "t", "t", "t", "t", "t", "t", "t", "t", "t", "t", "t", "t", "t", "t", "t", "t", "t", "t", "t", "t", "t"]}