{"initial_reset_timestamp": 1527083065.5169566, "episode_lengths": [200, 200, 200, 200, 200, 200, 200, 200, 200, 200, 200, 200, 200, 200, 200, 200, 200, 200, 200, 200, 200, 200, 200, 200, 200, 200, 200], "episode_rewards": [200.0, 200.0, 200.0, 200.0, 200.0, 200.0, 200.0, 200.0, 200.0, 200.0, 200.0, 200.0, 200.0, 200.0, 200.0, 200.0, 200.0, 200.0, 200.0, 200.0, 200.0, 200.0, 200.0, 200.0, 200.0, 200.0, 200.0], "timestamps": [1527083070.6547427, 1527083076.2934916, 1527083076.7973948, 1527083077.1203134, 1527083077.3890827, 1527083077.929416, 1527083078.2167056, 1527083078.4684162, 1527083081.5737586, 1527083082.3714662, 1527083082.8725798, 1527083083.2484016, 1527083083.5815387, 1527083083.860771, 1527083084.4205785, 1527083084.7708244, 1527083085.0282447, 1527083085.368602, 1527083085.7095447, 1527083086.0197084, 1527083086.527356, 1527083086.850108, 1527083087.19942, 1527083087.4819274, 1527083087.8984768, 1527083088.407981, 1527083088.9206824], "episode_types": ["t", "t", "t", "t", "t", "t", "t", "t", "t", "t", "t", "t", "t", "t", "t", "t", "t", "t", "t", "t", "t", "t", "t", "t", "t", "t", "t", "t"]}